blend_id,novelty_1to3,consistency_1to3,value_1to3,notes
InsideOutside_contains_000,,,,
InsideOutside_contains_001,,,,
InsideOutside_contains_002,,,,
InsideOutside_contains_003,,,,
InsideOutside_contains_004,,,,
InsideOutside_contains_005,,,,
InsideOutside_contains_006,,,,
InsideOutside_contains_007,,,,
InsideOutside_contains_008,,,,
InsideOutside_contains_009,,,,
InsideOutside_contains_010,,,,
InsideOutside_contains_011,,,,
InsideOutside_contains_012,,,,
InsideOutside_contains_013,,,,
InsideOutside_contains_014,,,,
InsideOutside_contains_015,,,,
InsideOutside_contains_016,,,,
InsideOutside_contains_017,,,,
InsideOutside_contains_018,,,,
InsideOutside_contains_019,,,,
InsideOutside_contains_020,,,,
InsideOutside_contains_021,,,,
InsideOutside_contains_022,,,,
InsideOutside_contains_023,,,,
